sample_id,question,answer,response,token_usage,time_cost,iteration,tools_used_names,result
conv-26,What fields would Caroline be likely to pursue in her educaton?,"Psychology, counseling certification","[PARSE ERROR] Loading config file: /Users/bytedance/.openviking/ovcli.conf
Loading config file: /Users/bytedance/.openviking/ovcli.conf
Loading config file: /Users/bytedance/.openviking/ovcli.conf
{""text"": ""I don't have any existing information about a person named Caroline in my current knowledge base or memory  
files. To help answer your question, could you please share more context about Caroline—such as her interests,        
background, hobbies, or any other relevant details that would help infer what fields of education she might pursue?"", 
""token_usage"": {""prompt_tokens"": 30309, ""completion_tokens"": 830, ""total_tokens"": 31139}, ""time_cost"": 15.25,         
""iteration"": 4, ""tools_used_names"": [""openviking_search"", ""read_file"", ""read_file""]}","{""prompt_tokens"": 0, ""completion_tokens"": 0, ""total_tokens"": 0}",20.67,0,[],
conv-26,"When did Caroline meet up with her friends, family, and mentors?",The week before 9 June 2023,"[PARSE ERROR] Loading config file: /Users/bytedance/.openviking/ovcli.conf
Loading config file: /Users/bytedance/.openviking/ovcli.conf
Loading config file: /Users/bytedance/.openviking/ovcli.conf
{""text"": ""There is no information about Caroline or when she met up with her friends, family, and mentors in the      
current OpenViking context database and workspace files. I cannot find relevant records based on the existing data."", 
""token_usage"": {""prompt_tokens"": 42702, ""completion_tokens"": 921, ""total_tokens"": 43623}, ""time_cost"": 17.35,         
""iteration"": 6, ""tools_used_names"": [""openviking_search"", ""list_dir"", ""list_dir"", ""read_file"", ""read_file""]}","{""prompt_tokens"": 0, ""completion_tokens"": 0, ""total_tokens"": 0}",23.3,0,[],
conv-26,When is Melanie planning on going camping?,June 2023,"[PARSE ERROR] Loading config file: /Users/bytedance/.openviking/ovcli.conf
Loading config file: /Users/bytedance/.openviking/ovcli.conf
Loading config file: /Users/bytedance/.openviking/ovcli.conf
{""text"": ""I don't have any stored information about Melanie or her camping plans in the current OpenViking context or 
workspace files. None of the memory logs, user profiles, or workspace contents mention Melanie or a camping trip she's
planning."", ""token_usage"": {""prompt_tokens"": 55827, ""completion_tokens"": 1312, ""total_tokens"": 57139}, ""time_cost"":   
17.63, ""iteration"": 8, ""tools_used_names"": [""openviking_search"", ""openviking_search"", ""list_dir"", ""read_file"",        
""list_dir"", ""read_file"", ""read_file""]}","{""prompt_tokens"": 0, ""completion_tokens"": 0, ""total_tokens"": 0}",23.5,0,[],
conv-26,What is Caroline's relationship status?,Single,"[PARSE ERROR] Loading config file: /Users/bytedance/.openviking/ovcli.conf
Loading config file: /Users/bytedance/.openviking/ovcli.conf
Loading config file: /Users/bytedance/.openviking/ovcli.conf
Loading config file: /Users/bytedance/.openviking/ovcli.conf
{""text"": ""I'm sorry, but there is no information about Caroline's relationship status available in the current        
context. I've checked both the long-term memory files (MEMORY.md and HISTORY.md) and the local workspace files, and   
found no references to a person named Caroline. Additionally, attempts to search the OpenViking knowledge base failed 
due to connection errors.\n\nIf you can provide more context about who Caroline is or where this information might be 
stored, I can try to look further!"", ""token_usage"": {""prompt_tokens"": 70491, ""completion_tokens"": 1458,               
""total_tokens"": 71949}, ""time_cost"": 19.0, ""iteration"": 7, ""tools_used_names"": [""openviking_search"", ""read_file"",     
""read_file"", ""openviking_list"", ""exec"", ""exec""]}","{""prompt_tokens"": 0, ""completion_tokens"": 0, ""total_tokens"": 0}",24.97,0,[],
conv-26,What is Caroline's identity?,Transgender woman,"[PARSE ERROR] Loading config file: /Users/bytedance/.openviking/ovcli.conf
Loading config file: /Users/bytedance/.openviking/ovcli.conf
Loading config file: /Users/bytedance/.openviking/ovcli.conf
{""text"": ""I cannot find any information about Caroline's identity in the current workspace, memory files, or          
OpenViking context database. There are no mentions of 'Caroline' in any of the tracked documents, history, or local   
files. \n\nIf this is a person or entity relevant to your work or conversations, please provide additional context so 
I can help search or recall details."", ""token_usage"": {""prompt_tokens"": 84033, ""completion_tokens"": 1427,             
""total_tokens"": 85460}, ""time_cost"": 26.68, ""iteration"": 9, ""tools_used_names"": [""openviking_search"", ""list_dir"",     
""list_dir"", ""read_file"", ""read_file"", ""read_file"", ""openviking_search"", ""exec""]}","{""prompt_tokens"": 0, ""completion_tokens"": 0, ""total_tokens"": 0}",32.2,0,[],
conv-26,When did Caroline go to the LGBTQ support group?,7 May 2023,"[PARSE ERROR] Loading config file: /Users/bytedance/.openviking/ovcli.conf
Loading config file: /Users/bytedance/.openviking/ovcli.conf
Loading config file: /Users/bytedance/.openviking/ovcli.conf
{""text"": ""I don't have any information about Caroline attending an LGBTQ support group in the current context. Neither
the local workspace memory nor web search results contain specific details about this event."", ""token_usage"":         
{""prompt_tokens"": 75064, ""completion_tokens"": 1557, ""total_tokens"": 76621}, ""time_cost"": 33.46, ""iteration"": 8,       
""tools_used_names"": [""openviking_search"", ""exec"", ""list_dir"", ""read_file"", ""read_file"", ""exec"", ""web_search""]}","{""prompt_tokens"": 0, ""completion_tokens"": 0, ""total_tokens"": 0}",38.9,0,[],
conv-26,Where did Caroline move from 4 years ago?,Sweden,"[PARSE ERROR] Loading config file: /Users/bytedance/.openviking/ovcli.conf
Loading config file: /Users/bytedance/.openviking/ovcli.conf
Loading config file: /Users/bytedance/.openviking/ovcli.conf
{""text"": ""I don't have any existing information about Caroline or where she moved from 4 years ago in the current     
context and memory files. If you can provide more relevant details, I can help you record or look up related content  
later."", ""token_usage"": {""prompt_tokens"": 36129, ""completion_tokens"": 747, ""total_tokens"": 36876}, ""time_cost"": 11.63,
""iteration"": 5, ""tools_used_names"": [""openviking_search"", ""list_dir"", ""read_file"", ""read_file""]}","{""prompt_tokens"": 0, ""completion_tokens"": 0, ""total_tokens"": 0}",16.88,0,[],
conv-26,What did Caroline research?,Adoption agencies,"[PARSE ERROR] Loading config file: /Users/bytedance/.openviking/ovcli.conf
Loading config file: /Users/bytedance/.openviking/ovcli.conf
Loading config file: /Users/bytedance/.openviking/ovcli.conf
Loading config file: /Users/bytedance/.openviking/ovcli.conf
{""text"": ""Based on public search results, there are several notable researchers named Caroline who focus on different 
fields:\n1.  Caroline Juang: Studies climate change's impact on western wildfires (climate science/wildfire           
research)\n2.  Caroline Chaboo: Entomologist researching leaf beetle diversity (bug/forest insect research)\n3.       
Caroline Robion-Brunner: Scientific researcher at the French National Centre for Scientific Research\n4.  Caroline    
Sinders: Machine learning and art researcher who uses art projects to examine data and technology's societal          
impact\n\nWithout additional specific context about which Caroline you're referring to, these are the most prominent  
documented research areas for people named Caroline."", ""token_usage"": {""prompt_tokens"": 98121, ""completion_tokens"":   
1689, ""total_tokens"": 99810}, ""time_cost"": 34.69, ""iteration"": 10, ""tools_used_names"": [""openviking_search"",          
""list_dir"", ""list_dir"", ""read_file"", ""read_file"", ""exec"", ""openviking_list"", ""exec"", ""web_search""]}","{""prompt_tokens"": 0, ""completion_tokens"": 0, ""total_tokens"": 0}",40.61,0,[],
conv-26,How long ago was Caroline's 18th birthday?,10 years ago,"[PARSE ERROR] Loading config file: /Users/bytedance/.openviking/ovcli.conf
Loading config file: /Users/bytedance/.openviking/ovcli.conf
Loading config file: /Users/bytedance/.openviking/ovcli.conf
Loading config file: /Users/bytedance/.openviking/ovcli.conf
{""text"": ""I don't have any stored information about Caroline or her birthday in the current context. To answer your   
question, I'll need a bit more detail:\n1. Which Caroline are you referring to? (Full name if available, or any       
additional context)\n2. Either her birth date, or the specific date of her 18th birthday?\n\nOnce you share those     
details, I can calculate exactly how long ago her 18th birthday was!"", ""token_usage"": {""prompt_tokens"": 22899,        
""completion_tokens"": 1074, ""total_tokens"": 23973}, ""time_cost"": 14.33, ""iteration"": 4, ""tools_used_names"":            
[""openviking_search"", ""read_file"", ""openviking_grep""]}","{""prompt_tokens"": 0, ""completion_tokens"": 0, ""total_tokens"": 0}",18.56,0,[],
conv-26,How long has Caroline had her current group of friends for?,4 years,"[PARSE ERROR] Loading config file: /Users/bytedance/.openviking/ovcli.conf
Loading config file: /Users/bytedance/.openviking/ovcli.conf
Loading config file: /Users/bytedance/.openviking/ovcli.conf
{""text"": ""I don't have any information about Caroline or how long she has had her current group of friends in my      
stored knowledge base or local workspace. If you can provide more context or details about Caroline, I can try to help
further."", ""token_usage"": {""prompt_tokens"": 57046, ""completion_tokens"": 1050, ""total_tokens"": 58096}, ""time_cost"":    
17.91, ""iteration"": 6, ""tools_used_names"": [""openviking_search"", ""read_file"", ""read_file"", ""openviking_search"",       
""exec""]}","{""prompt_tokens"": 0, ""completion_tokens"": 0, ""total_tokens"": 0}",23.26,0,[],
conv-26,What career path has Caroline decided to persue?,counseling or mental health for Transgender people,"[PARSE ERROR] Loading config file: /Users/bytedance/.openviking/ovcli.conf
Loading config file: /Users/bytedance/.openviking/ovcli.conf
Loading config file: /Users/bytedance/.openviking/ovcli.conf
Loading config file: /Users/bytedance/.openviking/ovcli.conf
{""text"": ""I don't have any information about Caroline or her chosen career path in the current context or available   
memory files. If you can provide more details or context about Caroline, I can help further."", ""token_usage"":         
{""prompt_tokens"": 69248, ""completion_tokens"": 1141, ""total_tokens"": 70389}, ""time_cost"": 19.88, ""iteration"": 8,       
""tools_used_names"": [""openviking_search"", ""openviking_search"", ""list_dir"", ""read_file"", ""read_file"", ""exec"",          
""openviking_list""]}","{""prompt_tokens"": 0, ""completion_tokens"": 0, ""total_tokens"": 0}",24.77,0,[],
conv-26,Would Caroline still want to pursue counseling as a career if she hadn't received support growing up?,Likely no,"[PARSE ERROR] Loading config file: /Users/bytedance/.openviking/ovcli.conf
Loading config file: /Users/bytedance/.openviking/ovcli.conf
Loading config file: /Users/bytedance/.openviking/ovcli.conf
{""text"": ""I don't have any existing information about Caroline or her career interest in counseling in the current    
context. Could you please share more details about who Caroline is, or any prior context related to her and her career
plans? This will help me answer your question accurately."", ""token_usage"": {""prompt_tokens"": 30336,                   
""completion_tokens"": 691, ""total_tokens"": 31027}, ""time_cost"": 13.57, ""iteration"": 4, ""tools_used_names"":             
[""openviking_search"", ""read_file"", ""read_file""]}","{""prompt_tokens"": 0, ""completion_tokens"": 0, ""total_tokens"": 0}",18.51,0,[],
conv-26,When did Caroline give a speech at a school?,The week before 9 June 2023,"[PARSE ERROR] Loading config file: /Users/bytedance/.openviking/ovcli.conf
Loading config file: /Users/bytedance/.openviking/ovcli.conf
Loading config file: /Users/bytedance/.openviking/ovcli.conf
Loading config file: /Users/bytedance/.openviking/ovcli.conf
{""text"": ""I wasn't able to find any specific information about when Caroline gave a speech at a school in the         
available local memory, workspace files, or through initial web searches. \n\nThe general web results mention a       
Caroline who gave a speech to high school seniors in a low-income area, but no specific date or full context. There's 
also no prior conversation or stored memory about a 'Caroline' in your personal context here.\n\nCould you share more 
details? For example:\n1. Full name of the Caroline you're referring to\n2. Any additional context about the speech or
event\n3. Whether this is a public figure, fictional character, or someone you previously discussed?"", ""token_usage"": 
{""prompt_tokens"": 70850, ""completion_tokens"": 2125, ""total_tokens"": 72975}, ""time_cost"": 45.16, ""iteration"": 9,       
""tools_used_names"": [""openviking_search"", ""openviking_list"", ""web_search"", ""web_search"", ""exec"", ""list_dir"",          
""read_file"", ""read_file""]}","{""prompt_tokens"": 0, ""completion_tokens"": 0, ""total_tokens"": 0}",51.06,0,[],
conv-26,What activities does Melanie partake in?,"pottery, camping, painting, swimming","[PARSE ERROR] Loading config file: /Users/bytedance/.openviking/ovcli.conf
Loading config file: /Users/bytedance/.openviking/ovcli.conf
Loading config file: /Users/bytedance/.openviking/ovcli.conf
{""text"": ""I don't have any existing information about 'Melanie' in the current context database or workspace files.   
There is no mention of a person named Melanie in the long-term memory, conversation history, or any of the stored     
documents.\n\nCould you please provide more context? For example:\n1. Where did you first encounter/learn about       
Melanie?\n2. Is there any specific background or relationship context related to her?\n3. Any additional details that 
might help locate information about her activities?"", ""token_usage"": {""prompt_tokens"": 42686, ""completion_tokens"":    
893, ""total_tokens"": 43579}, ""time_cost"": 15.61, ""iteration"": 6, ""tools_used_names"": [""openviking_search"", ""list_dir"",
""list_dir"", ""read_file"", ""read_file""]}","{""prompt_tokens"": 0, ""completion_tokens"": 0, ""total_tokens"": 0}",19.78,0,[],
conv-26,When did Melanie sign up for a pottery class?,2 July 2023,"[PARSE ERROR] Loading config file: /Users/bytedance/.openviking/ovcli.conf
Loading config file: /Users/bytedance/.openviking/ovcli.conf
Loading config file: /Users/bytedance/.openviking/ovcli.conf
Loading config file: /Users/bytedance/.openviking/ovcli.conf
{""text"": ""I couldn't find any information about Melanie signing up for a pottery class in the available OpenViking    
database or local workspace files. There is no existing record of this event in the current context."", ""token_usage"": 
{""prompt_tokens"": 55492, ""completion_tokens"": 988, ""total_tokens"": 56480}, ""time_cost"": 16.22, ""iteration"": 8,        
""tools_used_names"": [""openviking_search"", ""openviking_grep"", ""openviking_search"", ""list_dir"", ""read_file"",            
""read_file"", ""read_file""]}","{""prompt_tokens"": 0, ""completion_tokens"": 0, ""total_tokens"": 0}",20.2,0,[],
conv-26,When is Caroline going to the transgender conference?,July 2023,"[PARSE ERROR] Loading config file: /Users/bytedance/.openviking/ovcli.conf
Loading config file: /Users/bytedance/.openviking/ovcli.conf
Loading config file: /Users/bytedance/.openviking/ovcli.conf
Loading config file: /Users/bytedance/.openviking/ovcli.conf
{""text"": ""I'm unable to retrieve the information about Caroline and the transgender conference at this time:\n1. Local
memory files (MEMORY.md, HISTORY.md) contain no prior context about Caroline or this conference\n2. All attempts to   
access the OpenViking knowledge base have failed due to connection errors\n\nIf you can provide additional context    
about who Caroline is or details about the conference, I can try to help further."", ""token_usage"": {""prompt_tokens"":  
43606, ""completion_tokens"": 1334, ""total_tokens"": 44940}, ""time_cost"": 16.54, ""iteration"": 5, ""tools_used_names"":     
[""openviking_search"", ""read_file"", ""read_file"", ""openviking_list""]}","{""prompt_tokens"": 0, ""completion_tokens"": 0, ""total_tokens"": 0}",19.79,0,[],
conv-26,When did Melanie paint a sunrise?,2022,"[PARSE ERROR] Loading config file: /Users/bytedance/.openviking/ovcli.conf
Loading config file: /Users/bytedance/.openviking/ovcli.conf
Loading config file: /Users/bytedance/.openviking/ovcli.conf
Loading config file: /Users/bytedance/.openviking/ovcli.conf
{""text"": ""I wasn't able to find any specific information about when Melanie painted a sunrise through either the      
OpenViking context database or web searches. \n\nThe web results show multiple artists named Melanie (like Melanie    
Thompson, Melanie Parke, etc.) but no specific, well-documented sunrise painting with a confirmed date attached to    
their work. \n\nThere was also no mention of 'Melanie' or sunrise paintings in any local workspace files or           
conversation history. \n\nWould you be able to share more context? For example: is this a specific Melanie you're     
referring to, or do you have additional details about the painting?"", ""token_usage"": {""prompt_tokens"": 116592,        
""completion_tokens"": 1781, ""total_tokens"": 118373}, ""time_cost"": 55.86, ""iteration"": 10, ""tools_used_names"":          
[""openviking_search"", ""read_file"", ""read_file"", ""openviking_list"", ""web_search"", ""web_search"", ""web_search"",          
""list_dir"", ""exec""]}","{""prompt_tokens"": 0, ""completion_tokens"": 0, ""total_tokens"": 0}",62.19,0,[],
conv-26,What do Melanie's kids like?,"dinosaurs, nature","[PARSE ERROR] Loading config file: /Users/bytedance/.openviking/ovcli.conf
Loading config file: /Users/bytedance/.openviking/ovcli.conf
Loading config file: /Users/bytedance/.openviking/ovcli.conf
{""text"": ""I don't have any information about Melanie or her children in the current conversation history or stored    
memory. If you can share more context about Melanie (like who she is, or specific details related to her kids), I can 
try to help further."", ""token_usage"": {""prompt_tokens"": 30249, ""completion_tokens"": 516, ""total_tokens"": 30765},      
""time_cost"": 13.77, ""iteration"": 4, ""tools_used_names"": [""openviking_search"", ""read_file"", ""read_file""]}","{""prompt_tokens"": 0, ""completion_tokens"": 0, ""total_tokens"": 0}",18.68,0,[],
conv-26,When did Melanie go to the museum?,5 July 2023,"[PARSE ERROR] Loading config file: /Users/bytedance/.openviking/ovcli.conf
Loading config file: /Users/bytedance/.openviking/ovcli.conf
Loading config file: /Users/bytedance/.openviking/ovcli.conf
Loading config file: /Users/bytedance/.openviking/ovcli.conf
{""text"": ""I don't have any stored information about when Melanie went to the museum. There is no relevant record in   
the current memory files or OpenViking context database."", ""token_usage"": {""prompt_tokens"": 56998,                    
""completion_tokens"": 1004, ""total_tokens"": 58002}, ""time_cost"": 17.68, ""iteration"": 6, ""tools_used_names"":            
[""openviking_search"", ""read_file"", ""read_file"", ""openviking_search"", ""openviking_list""]}","{""prompt_tokens"": 0, ""completion_tokens"": 0, ""total_tokens"": 0}",22.62,0,[],
conv-26,Would Caroline likely have Dr. Seuss books on her bookshelf?,"Yes, since she collects classic children's books","[PARSE ERROR] Loading config file: /Users/bytedance/.openviking/ovcli.conf
Loading config file: /Users/bytedance/.openviking/ovcli.conf
Loading config file: /Users/bytedance/.openviking/ovcli.conf
{""text"": ""I wasn't able to retrieve specific information about Caroline from the OpenViking context database (search  
attempts failed). \n\nThat said, Dr. Seuss's children's books are extremely widely popular and commonly found in home 
bookshelves, family libraries, and personal collections globally. Unless Caroline has explicit disinterest in         
children's literature or this specific author's work, it is reasonable to infer that she would likely have Dr. Seuss  
books on her bookshelf."", ""token_usage"": {""prompt_tokens"": 43659, ""completion_tokens"": 1840, ""total_tokens"": 45499},  
""time_cost"": 21.26, ""iteration"": 5, ""tools_used_names"": [""openviking_search"", ""read_file"", ""read_file"",               
""openviking_search""]}","{""prompt_tokens"": 0, ""completion_tokens"": 0, ""total_tokens"": 0}",25.64,0,[],
conv-26,What books has Melanie read?,"""Nothing is Impossible"", ""Charlotte's Web""","[PARSE ERROR] Loading config file: /Users/bytedance/.openviking/ovcli.conf
Loading config file: /Users/bytedance/.openviking/ovcli.conf
Loading config file: /Users/bytedance/.openviking/ovcli.conf
{""text"": ""I don't have any information about Melanie or the books she has read in the current context database and    
session history. All available records so far focus on the assistant's setup, weather queries, NBA discussions,       
OpenViking system structure, and the user's personal preferences and identity details."", ""token_usage"":               
{""prompt_tokens"": 42664, ""completion_tokens"": 937, ""total_tokens"": 43601}, ""time_cost"": 13.38, ""iteration"": 6,        
""tools_used_names"": [""openviking_search"", ""list_dir"", ""list_dir"", ""read_file"", ""read_file""]}","{""prompt_tokens"": 0, ""completion_tokens"": 0, ""total_tokens"": 0}",18.13,0,[],
conv-26,What does Melanie do to destress?,"Running, pottery","[PARSE ERROR] Loading config file: /Users/bytedance/.openviking/ovcli.conf
Loading config file: /Users/bytedance/.openviking/ovcli.conf
Loading config file: /Users/bytedance/.openviking/ovcli.conf
{""text"": ""I don't have any existing information about a person named Melanie or their destressing activities in the   
current OpenViking context database. \n\nIf you're referring to a specific Melanie, could you share more context about
who she is? Alternatively, I can search the web for common destressing activities people enjoy, or help you look up   
information about a specific Melanie if you provide additional details."", ""token_usage"": {""prompt_tokens"": 42127,     
""completion_tokens"": 970, ""total_tokens"": 43097}, ""time_cost"": 12.33, ""iteration"": 6, ""tools_used_names"":             
[""openviking_search"", ""openviking_search"", ""list_dir"", ""read_file"", ""read_file""]}","{""prompt_tokens"": 0, ""completion_tokens"": 0, ""total_tokens"": 0}",16.59,0,[],
